haplotype,count
5546:C->A;8569:C->G;1713:A->T;4396:T->A;1293:C->T;2150:A->T;5943:C->G;5212:T->A;8792:A->G;6885:T->C;8871:T->A;6817:T->G;3461:A->C;6115:G->A;860:C->T;8395:G->A;4096:G->C;7364:A->G;1526:A->T;6325:C->A;3398:A->T;3393:A->C;8232:G->A;2659:T->C;4762:G->C;1560:G->A;4440:T->A;1369:A->G;4755:C->A;1073:T->C;1381:T->A;3889:G->T;6347:A->C;678:A->C;8848:T->G;7524:A->C;4225:T->C;3814:A->G;419:A->G;3098:C->A;8960:T->C;2745:G->C;1491:A->G;2437:A->C;4426:C->A;6403:A->T;2254:A->C;2851:C->T;2141:G->C;8250:A->C;1504:A->T;5697:A->G;5327:G->A;4972:A->T;7647:A->G;4100:A->T;3673:A->C;2090:T->A;1553:C->T;1586:A->C;7873:G->A;6073:G->C;3291:G->T;4236:A->C;6819:G->C;3054:C->A;8877:T->G;3559:C->T;1582:G->A;8562:C->A;8373:G->C;6059:G->A;6204:T->A;654:G->C;1668:A->G;5092:A->G;7093:T->A;5789:C->G;8378:A->T;904:G->T;5222:T->A;5641:G->T;2004:A->C;7872:T->C;2600:G->A;3095:A->G;7296:T->A;300:A->C;7333:A->C;9046:T->G;5618:T->G;2982:G->T;4241:A->T,677
3398:A->T;8569:C->G;2150:A->T;2141:G->C;860:C->T;2659:T->C;2254:A->C;8250:A->C;904:G->T;2982:G->T;4762:G->C;5212:T->A;419:A->G;5546:C->A;6059:G->A;2600:G->A;5327:G->A;4236:A->C;6073:G->C;9046:T->G;4396:T->A;3889:G->T;8877:T->G;1369:A->G;7333:A->C;2004:A->C;1491:A->G;3098:C->A;2287:A->T;3054:C->A;7093:T->A;5092:A->G;8848:T->G;5697:A->G;4225:T->C;6885:T->C;7647:A->G;6204:T->A;1073:T->C;6817:T->G;6403:A->T;8373:G->C;5618:T->G;1293:C->T;4241:A->T;2437:A->C;7296:T->A;4100:A->T;3559:C->T;2090:T->A;7872:T->C;2745:G->C;1504:A->T;1586:A->C;3095:A->G;1713:A->T;1582:G->A;4426:C->A;6347:A->C;4440:T->A;5943:C->G;4755:C->A;8871:T->A;8378:A->T;300:A->C;3461:A->C;4324:A->C;5641:G->T;6115:G->A;8232:G->A;3393:A->C;8792:A->G;8395:G->A;8960:T->C;7873:G->A;1526:A->T;1560:G->A;3291:G->T;5222:T->A;1381:T->A;5497:G->T;2851:C->T;3673:A->C;3814:A->G;7364:A->G;654:G->C;6819:G->C;7524:A->C;4096:G->C;1553:C->T;5789:C->G,1098
8848:T->G;4396:T->A;5546:C->A;2141:G->C;6115:G->A;2982:G->T;7333:A->C;6885:T->C;8232:G->A;7873:G->A;3673:A->C;1526:A->T;8569:C->G;904:G->T;8250:A->C;7872:T->C;5943:C->G;6073:G->C;2004:A->C;7093:T->A;4225:T->C;3398:A->T;1553:C->T;419:A->G;1073:T->C;4100:A->T;7364:A->G;6347:A->C;6204:T->A;654:G->C;2287:A->T;1582:G->A;3814:A->G;2851:C->T;2437:A->C;5212:T->A;3095:A->G;860:C->T;3559:C->T;3291:G->T;6403:A->T;8877:T->G;8792:A->G;1586:A->C;3461:A->C;2254:A->C;6819:G->C;1369:A->G;7524:A->C;5641:G->T;2659:T->C;5697:A->G;5222:T->A;1713:A->T;9046:T->G;8960:T->C;2150:A->T;8373:G->C;1504:A->T;4324:A->C;3393:A->C;3889:G->T;3098:C->A;5789:C->G;2993:G->T;1491:A->G;4241:A->T;2090:T->A;1293:C->T;8395:G->A;7296:T->A;7647:A->G;6817:T->G;4762:G->C;4440:T->A;5618:T->G;4096:G->C;4236:A->C;4426:C->A;300:A->C;2745:G->C;4755:C->A;5092:A->G;8871:T->A;8378:A->T;5497:G->T;6059:G->A;1560:G->A;5327:G->A;3054:C->A;2600:G->A;1381:T->A,101
4762:G->C;1504:A->T;3889:G->T;2659:T->C;1560:G->A;4440:T->A;1582:G->A;7296:T->A;8373:G->C;860:C->T;654:G->C;2289:A->G;7524:A->C;2254:A->C;6754:C->A;7333:A->C;4225:T->C;7647:A->G;904:G->T;2437:A->C;4426:C->A;6115:G->A;8378:A->T;5327:G->A;6885:T->C;4241:A->T;2090:T->A;6347:A->C;2851:C->T;3291:G->T;8877:T->G;4236:A->C;2745:G->C;5212:T->A;8871:T->A;8960:T->C;6204:T->A;8250:A->C;4096:G->C;419:A->G;6817:T->G;1381:T->A;6819:G->C;3461:A->C;8232:G->A;1526:A->T;3054:C->A;2004:A->C;1713:A->T;3814:A->G;5697:A->G;5092:A->G;3098:C->A;3095:A->G;3393:A->C;5943:C->G;1073:T->C;2600:G->A;2982:G->T;2287:A->T;8281:C->G;9046:T->G;5641:G->T;1293:C->T;6403:A->T;4100:A->T;8608:A->T;3398:A->T;1369:A->G;300:A->C;8792:A->G;1553:C->T;6059:G->A;1586:A->C;4396:T->A;4324:A->C;7093:T->A;5618:T->G;6073:G->C;3559:C->T;3673:A->C;5789:C->G;5222:T->A;7364:A->G;8395:G->A;1491:A->G;2150:A->T;8848:T->G;5546:C->A;7873:G->A;8569:C->G;7872:T->C;4755:C->A;2141:G->C,105
1491:A->G;5697:A->G;5327:G->A;1560:G->A;1381:T->A;5092:A->G;8877:T->G;7296:T->A;3814:A->G;3095:A->G;7873:G->A;8378:A->T;4096:G->C;3461:A->C;3889:G->T;8373:G->C;3673:A->C;2090:T->A;4396:T->A;5641:G->T;1293:C->T;7524:A->C;5222:T->A;5789:C->G;6885:T->C;6819:G->C;2982:G->T;8848:T->G;4241:A->T;3098:C->A;8232:G->A;2150:A->T;3054:C->A;6817:T->G;2851:C->T;300:A->C;2141:G->C;5618:T->G;904:G->T;2600:G->A;4440:T->A;8871:T->A;9046:T->G;3559:C->T;2254:A->C;7364:A->G;1073:T->C;6403:A->T;4236:A->C;4539:G->A;8250:A->C;2437:A->C;2004:A->C;6204:T->A;7333:A->C;4755:C->A;6059:G->A;3291:G->T;8562:C->A;5546:C->A;7872:T->C;4762:G->C;3398:A->T;8569:C->G;1526:A->T;5212:T->A;1586:A->C;860:C->T;4426:C->A;3393:A->C;1504:A->T;8792:A->G;7647:A->G;5943:C->G;4100:A->T;1713:A->T;419:A->G;1369:A->G;2745:G->C;1582:G->A;4225:T->C;8395:G->A;6347:A->C;3433:A->G;654:G->C;8960:T->C;7093:T->A;2659:T->C;6115:G->A;6073:G->C;1553:C->T,91
2004:A->C;5212:T->A;6885:T->C;4755:C->A;5789:C->G;6817:T->G;6403:A->T;6073:G->C;2141:G->C;4236:A->C;2851:C->T;4440:T->A;8373:G->C;5092:A->G;1586:A->C;6204:T->A;3398:A->T;5641:G->T;860:C->T;5546:C->A;3095:A->G;3098:C->A;7333:A->C;7364:A->G;3673:A->C;8250:A->C;4225:T->C;1526:A->T;2745:G->C;7872:T->C;3393:A->C;2150:A->T;3461:A->C;1073:T->C;2437:A->C;6819:G->C;654:G->C;2287:A->T;5497:G->T;5697:A->G;2090:T->A;1582:G->A;3291:G->T;8569:C->G;8395:G->A;3814:A->G;3559:C->T;300:A->C;1713:A->T;1293:C->T;1369:A->G;4100:A->T;4173:G->A;2982:G->T;8877:T->G;1560:G->A;2659:T->C;3054:C->A;419:A->G;8378:A->T;1381:T->A;3889:G->T;2254:A->C;6115:G->A;1491:A->G;4426:C->A;4396:T->A;7647:A->G;5222:T->A;6347:A->C;4241:A->T;8960:T->C;8232:G->A;9046:T->G;7524:A->C;2600:G->A;6059:G->A;5943:C->G;7873:G->A;8871:T->A;8792:A->G;7093:T->A;4096:G->C;5618:T->G;8848:T->G;1504:A->T;904:G->T;5327:G->A;7296:T->A;4762:G->C;4324:A->C;1553:C->T,104
7872:T->C;6059:G->A;1582:G->A;3559:C->T;6403:A->T;2254:A->C;6817:T->G;6754:C->A;5618:T->G;8848:T->G;2745:G->C;4096:G->C;1586:A->C;7296:T->A;2437:A->C;6115:G->A;4426:C->A;4100:A->T;7524:A->C;6885:T->C;1073:T->C;4440:T->A;6204:T->A;7093:T->A;3398:A->T;3461:A->C;1553:C->T;8569:C->G;8871:T->A;4396:T->A;1293:C->T;2004:A->C;2287:A->T;419:A->G;8378:A->T;1369:A->G;4755:C->A;2141:G->C;1713:A->T;8960:T->C;4236:A->C;2659:T->C;3889:G->T;6073:G->C;8877:T->G;8395:G->A;1526:A->T;6347:A->C;3054:C->A;1504:A->T;5641:G->T;3098:C->A;5697:A->G;9046:T->G;5943:C->G;7364:A->G;7647:A->G;2851:C->T;860:C->T;904:G->T;3291:G->T;7333:A->C;8792:A->G;5327:G->A;2090:T->A;7873:G->A;6819:G->C;2600:G->A;3095:A->G;2289:A->G;2150:A->T;4762:G->C;654:G->C;5092:A->G;3814:A->G;8373:G->C;8250:A->C;1560:G->A;3673:A->C;8232:G->A;4225:T->C;5789:C->G;1381:T->A;5222:T->A;5212:T->A;300:A->C;5546:C->A;2982:G->T;4324:A->C;4241:A->T;1491:A->G;8281:C->G;3393:A->C,207
8562:C->A;2745:G->C;6059:G->A;6325:C->A;3098:C->A;4426:C->A;1586:A->C;2437:A->C;4225:T->C;5789:C->G;2090:T->A;3054:C->A;7873:G->A;4972:A->T;8569:C->G;5943:C->G;7333:A->C;2600:G->A;7364:A->G;3673:A->C;1381:T->A;1369:A->G;8378:A->T;1491:A->G;300:A->C;4100:A->T;5546:C->A;3461:A->C;1553:C->T;6819:G->C;6403:A->T;3393:A->C;2150:A->T;2851:C->T;3095:A->G;8792:A->G;5212:T->A;678:A->C;4236:A->C;419:A->G;6817:T->G;8877:T->G;8232:G->A;6115:G->A;4096:G->C;4755:C->A;8871:T->A;5641:G->T;2982:G->T;860:C->T;6885:T->C;6073:G->C;5697:A->G;4396:T->A;3398:A->T;1293:C->T;4762:G->C;1504:A->T;1073:T->C;8960:T->C;1582:G->A;654:G->C;9046:T->G;1526:A->T;2659:T->C;904:G->T;7872:T->C;4241:A->T;3291:G->T;3559:C->T;1713:A->T;5327:G->A;7647:A->G;1560:G->A;5092:A->G;5222:T->A;6204:T->A;7093:T->A;7524:A->C;8395:G->A;6347:A->C;7296:T->A;8848:T->G;2141:G->C;3889:G->T;5618:T->G;8250:A->C;2254:A->C;8373:G->C;2004:A->C;3814:A->G;4440:T->A,488
1073:T->C;7093:T->A;2600:G->A;4440:T->A;5327:G->A;8848:T->G;300:A->C;7333:A->C;904:G->T;2254:A->C;5789:C->G;3054:C->A;7524:A->C;3398:A->T;2851:C->T;2004:A->C;4762:G->C;7873:G->A;1504:A->T;2090:T->A;8378:A->T;5641:G->T;4096:G->C;1381:T->A;3098:C->A;1293:C->T;8960:T->C;7872:T->C;4236:A->C;8792:A->G;8395:G->A;4100:A->T;8250:A->C;4396:T->A;1582:G->A;8562:C->A;7296:T->A;8569:C->G;1560:G->A;6347:A->C;3291:G->T;2141:G->C;3461:A->C;8877:T->G;6073:G->C;2150:A->T;4426:C->A;8373:G->C;3673:A->C;1553:C->T;6885:T->C;5618:T->G;7647:A->G;2745:G->C;2437:A->C;6819:G->C;4225:T->C;5697:A->G;654:G->C;3559:C->T;5546:C->A;7364:A->G;6059:G->A;2982:G->T;9046:T->G;6403:A->T;1526:A->T;4241:A->T;5943:C->G;1713:A->T;5092:A->G;6817:T->G;3095:A->G;8871:T->A;6204:T->A;2659:T->C;6115:G->A;419:A->G;1491:A->G;860:C->T;4755:C->A;1369:A->G;3889:G->T;3393:A->C;8232:G->A;5212:T->A;3814:A->G;5222:T->A;1586:A->C,937
6204:T->A;7093:T->A;3559:C->T;3814:A->G;5789:C->G;1381:T->A;5327:G->A;8250:A->C;2004:A->C;5697:A->G;419:A->G;8608:A->T;2289:A->G;5092:A->G;904:G->T;6073:G->C;7647:A->G;3393:A->C;3861:C->A;7873:G->A;1491:A->G;8232:G->A;7333:A->C;4241:A->T;6347:A->C;8848:T->G;5943:C->G;3398:A->T;3291:G->T;300:A->C;1504:A->T;2090:T->A;5641:G->T;8960:T->C;860:C->T;3889:G->T;5222:T->A;1713:A->T;1582:G->A;8877:T->G;3054:C->A;2287:A->T;8378:A->T;4755:C->A;7364:A->G;5618:T->G;1526:A->T;8281:C->G;5546:C->A;2437:A->C;1293:C->T;4762:G->C;4440:T->A;2141:G->C;5212:T->A;1586:A->C;9046:T->G;2851:C->T;1560:G->A;3673:A->C;2254:A->C;6885:T->C;3095:A->G;6817:T->G;2659:T->C;4100:A->T;7524:A->C;8871:T->A;6059:G->A;2745:G->C;7872:T->C;1553:C->T;7296:T->A;4096:G->C;2600:G->A;3461:A->C;4225:T->C;3098:C->A;8792:A->G;2150:A->T;8569:C->G;4324:A->C;6754:C->A;8395:G->A;4426:C->A;4236:A->C;1369:A->G;4396:T->A;6819:G->C;1073:T->C;654:G->C;2982:G->T;8373:G->C;6403:A->T;6115:G->A,105
1582:G->A;2982:G->T;5697:A->G;7364:A->G;9046:T->G;6817:T->G;8562:C->A;7647:A->G;2659:T->C;6115:G->A;7524:A->C;6325:C->A;4241:A->T;6059:G->A;5546:C->A;6204:T->A;1293:C->T;654:G->C;6571:A->T;1491:A->G;5092:A->G;5789:C->G;2851:C->T;860:C->T;1526:A->T;2090:T->A;4396:T->A;1713:A->T;7296:T->A;5212:T->A;8848:T->G;678:A->C;8861:G->A;4972:A->T;3398:A->T;3673:A->C;6819:G->C;1586:A->C;8378:A->T;419:A->G;3098:C->A;3814:A->G;4426:C->A;7873:G->A;1560:G->A;3291:G->T;5618:T->G;4440:T->A;6403:A->T;6347:A->C;3095:A->G;4762:G->C;8395:G->A;8373:G->C;4225:T->C;8250:A->C;7333:A->C;2141:G->C;1553:C->T;4100:A->T;7872:T->C;904:G->T;2004:A->C;4236:A->C;6073:G->C;8871:T->A;2600:G->A;5222:T->A;4755:C->A;2254:A->C;6885:T->C;3393:A->C;2437:A->C;8569:C->G;5327:G->A;5943:C->G;3461:A->C;1504:A->T;2150:A->T;4096:G->C;5641:G->T;8960:T->C;3889:G->T;1369:A->G;2745:G->C;3054:C->A;8877:T->G;3559:C->T;300:A->C;8792:A->G;8232:G->A;7093:T->A;1073:T->C;1381:T->A,87
